mentor_id,name,email,review_info,capacity_PhD,capacity_MSc,assigned_PhD,assigned_MSc,MSc: no_1,MSc: no_2,MSc: no_3,MSc: no_4,MSc: no_5,PhD: no_1,PhD: no_2,PhD: no_3,PhD: no_4,PhD: no_5,combined_mentor_id,verification_code,mentee_response,response_MSc,response_PhD,response_reasons,mentee_MSc,mentee_PhD,no_match_MSc,no_match_PhD,raw_capacity_PhD,raw_capacity_MSc,over_capacity,verification_code2
A01,name0,mentor0@email.com,True,2,1,4,3,"['M017', 'M056']",,,,['M079'],"['P077', 'P094', 'P126']",,,['P073'],,,,True,"['P126', 'M056']","['P077', 'P094']",,M056 ,P077 ,1,1,2,2,False,aHi9gYzT5o
A02,name1,mentor1@email.com,True,4,0,5,2,,"['M017', 'M040']",,,,"['P085', 'P089', 'P133']",,['P060'],,['P051'],,,True,[],"['P089', 'P133', 'P060', 'P051']",,,P089 ,0,1,6,3,False,fb6iI9tNia
A05,name4,mentor4@email.com,True,1,0,1,3,['M048'],,,,"['M017', 'M053']",['P047'],,,,,,,False,,,,,P047 ,0,1,1,0,False,6o0n0Tuq8Y
A06,name5,mentor5@email.com,True,4,0,6,3,,,,"['M024', 'M038', 'M069']",,['P008'],"['P077', 'P128']",['P033'],['P058'],['P126'],,,True,[],"['P128', 'P077', 'P033', 'P126']",,,P128 ,0,1,1,0,False,ZaaMn5UjvA
A07,name6,mentor6@email.com,True,3,3,6,5,"['M052', 'M079']",['M022'],['M056'],,['M038'],['P017'],['P075'],['P126'],"['P020', 'P033', 'P077']",,,,False,,,,M052 M079 ,P017 ,2,1,3,3,False,ePkuUG4pbs
A09,name8,mentor8@email.com,False,3,2,4,1,,,['M069'],,,"['P003', 'P073', 'P082']",,,['P065'],,,,False,,,,M069 ,P003 ,1,1,3,2,False,hmdVHJA6lY
A10,name9,mentor9@email.com,True,1,0,4,2,,,,,"['M056', 'M069']",['P033'],,"['P075', 'P128']",,['P003'],,,True,[],['P033'],,,P033 ,0,1,2,0,False,HDUYkIrW9u
A11,name10,mentor10@email.com,True,1,0,4,0,,,,,,['P075'],,,,"['P073', 'P077', 'P128']",,,True,[],['P075'],,,P075 ,0,1,1,0,False,8FK7YmFVFs
A12,name11,mentor11@email.com,False,2,0,5,0,,,,,,"['P058', 'P128']",['P033'],['P077'],,['P065'],,,False,,,,,P058 ,0,1,2,0,False,JNcDdwtUNn
A13,name12,mentor12@email.com,False,1,2,4,0,,,,,,['P011'],['P003'],['P084'],,['P058'],,,False,,,,,P011 ,0,1,1,2,False,fMIdM0hS2W
A14,name13,mentor13@email.com,False,2,0,5,0,,,,,,,['P073'],,"['P126', 'P128']","['P033', 'P075']",,,False,,,,,P126 ,0,1,2,0,False,KPEUsWzvpF
A15,name14,mentor14@email.com,True,3,1,7,5,['M023'],,"['M003', 'M052']",['M079'],['M049'],['P080'],"['P058', 'P067']","['P008', 'P009', 'P073']",,['P082'],,,True,"['P058', 'P073']","['P080', 'P009', 'P082']",,P073 ,P080 ,1,1,1,1,False,iTVoGJeTwg
A16,name15,mentor15@email.com,False,0,3,1,5,['M038'],"['M052', 'M079']",,"['M056', 'M058']",,,['P126'],,,,,,False,,,,M038 ,,1,0,0,3,False,YVgeJNHl3i
A18,name16,mentor16@email.com,True,3,1,4,4,['M049'],['M077'],['M061'],,['M041'],,,['P085'],['P051'],"['P109', 'P133']",,,True,['M049'],"['P109', 'P051', 'P133']",,M049 ,,1,0,2,4,False,XgfW50HIWv
A19,name17,mentor17@email.com,True,2,0,2,0,,,,,,,"['P051', 'P060']",,,,,,True,[],"['P051', 'P060']",,,P051 ,0,1,1,0,False,wrlxWchEEz
A20,name18,mentor18@email.com,False,1,1,1,2,,,['M015'],,['M076'],['P113'],,,,,,,False,,,,,P113 ,0,1,1,1,False,AWq1UI6CAx
A24,name21,mentor21@email.com,False,3,3,0,2,,,['M029'],['M072'],,,,,,,,,False,,,,M072 ,,1,0,3,3,False,iYfq5660BW
A25,name22,mentor22@email.com,True,0,1,0,1,['M029'],,,,,,,,,,,,True,['M029'],[],,M029 ,,1,0,0,2,False,TUlucwV2eL
A26,name23,mentor23@email.com,False,2,2,1,4,,,['M076'],"['M001', 'M015', 'M029']",,['P005'],,,,,,,False,,,,M076 ,P005 ,1,1,2,2,False,Ozwd1V7Ibj
A30,name27,mentor27@email.com,True,2,1,3,1,['M058'],,,,,['P065'],['P020'],,['P017'],,,,True,['M058'],"['P065', 'P017']",,M058 ,P065 ,1,1,3,5,False,S8Fg3iUG4s
A32,name29,mentor29@email.com,True,2,0,2,0,,,,,,,,['P067'],['P089'],,,,True,[],"['P067', 'P089']",,,P067 ,0,1,2,1,False,kq0IWDEYUj
A33,name30,mentor30@email.com,False,4,5,3,2,,,,['M037'],['M024'],['P069'],,,"['P005', 'P043']",,,,False,,,,,P069 ,0,1,4,5,False,0afXOuPh4I
A36,name33,mentor33@email.com,True,4,3,4,3,"['M037', 'M067']",['M048'],,,,,"['P043', 'P047']",['P109'],,['P069'],,,True,"['M037', 'M067', 'M048']","['P043', 'P047', 'P109', 'P101']",,M037 ,,1,0,3,0,True,9UJjP2zqji
A37,name34,mentor34@email.com,True,2,0,2,1,,,['M037'],,,['P043'],,['P069'],,,,,True,[],"['P043', 'P101']",,,P043 ,0,1,2,0,False,f5coQEtSMo
A39,name36,mentor36@email.com,False,1,2,2,2,,['M023'],,['M003'],,,,,['P109'],['P008'],,,False,,,,M023 M003 ,P109 ,2,1,1,2,False,Mh9l2vIzDd
A40,name37,mentor37@email.com,True,5,1,5,1,,,,['M082'],,,,"['P005', 'P047', 'P094']","['P095', 'P133']",,,,True,['M082'],"['P133', 'P005', 'P047', 'P095', 'P094']",,,P094 ,0,1,1,1,False,hfE9ocF1Ty
A43,name40,mentor40@email.com,False,0,1,1,13,"['M015', 'M028', 'M042', 'M045', 'M053', 'M059', 'M076']","['M001', 'M009', 'M024', 'M072']","['M027', 'M054']",,,,,['P113'],,,,,False,,,,M015 ,,1,0,0,1,False,ug5AQyGLDL
A45,name42,mentor42@email.com,True,1,1,2,2,['M022'],['M085'],,,,,['P017'],,['P047'],,,,True,['M022'],['P047'],,M022 ,,1,0,0,2,False,j4OQbHNNrp
A47,name44,mentor44@email.com,True,1,2,4,3,,['M018'],['M028'],['M076'],,,"['P016', 'P113']",['P007'],,['P084'],,,True,"['M028', 'M018']",['P016'],,M028 ,,1,0,1,1,False,AxLhItkVF6
A48,name45,mentor45@email.com,True,0,2,0,3,,,"['M024', 'M042']",,['M028'],,,,,,,,True,"['M024', 'M028']",[],,M024 ,,1,0,1,1,False,xOy1wvbpJR
A49,name46,mentor46@email.com,False,1,2,0,3,,,['M001'],['M018'],['M054'],,,,,,,,False,,,,M001 ,,1,0,1,2,False,oRvEp3wtfW
A50,name47,mentor47@email.com,True,0,1,0,1,,,,['M054'],,,,,,,,,True,['M054'],[],,M054 ,,1,0,2,1,False,f9sbABewO1
A52,name49,mentor49@email.com,True,1,4,2,4,,,"['M009', 'M072']",['M059'],['M045'],['P091'],,,['P085'],,,,True,"['M009', 'M045', 'M059', 'M072']",['P091'],,M045 ,P091 ,1,1,5,5,False,Na8VygvQqo
A54,name51,mentor51@email.com,False,1,1,0,3,,,['M048'],['M042'],['M061'],,,,,,,,False,,,,M048 ,,1,0,1,1,False,VTWqTMeQBF
A55,name52,mentor52@email.com,True,2,1,2,1,['M082'],,,,,"['P051', 'P060']",,,,,,,True,['M082'],"['P060', 'P051']",,M082 ,P060 ,1,1,2,1,False,rzpQkbSfDb
A56,name53,mentor53@email.com,True,2,2,3,2,,['M067'],['M018'],,,['P016'],"['P008', 'P094']",,,,,,True,"['M067', 'M018']","['P016', 'P094']",,M067 ,P016 ,1,1,2,1,False,qMK5O8wufU
A58,name55,mentor55@email.com,False,2,1,2,1,,,['M023'],,,,,['P080'],['P008'],,,,False,,,,,P008 ,0,1,2,1,False,G8LNfOnSNW
A59,name56,mentor56@email.com,False,1,1,1,2,['M085'],,['M022'],,,,['P080'],,,,,,False,,,,M085 ,,1,0,1,1,False,sUQCEXY3wX
A60,name57,mentor57@email.com,True,0,1,0,3,"['M003', 'M055']",,['M082'],,,,,,,,,,True,['M055'],[],,M055 ,,1,0,0,1,False,Hd72FGLQZT
A61,name58,mentor58@email.com,True,2,1,2,1,,,['M040'],,,,,['P133'],['P060'],,,,True,['M040'],"['P060', 'P133']",,M040 ,,1,0,2,2,False,L4PfNsYx5b
A62,name59,mentor59@email.com,False,3,1,2,0,,,,,,,['P133'],,,['P067'],,,False,,,,,P133 ,0,1,3,1,False,AP3BWbymI7
A66,name62,mentor62@email.com,True,1,2,1,8,,"['M045', 'M054', 'M059']",,"['M009', 'M023', 'M053']","['M015', 'M072']",['P140'],,,,,,,True,"['M015', 'M059']",['P140'],,M059 ,P140 ,1,1,1,1,False,jwAkE8Z1oo
A67,name63,mentor63@email.com,True,0,6,1,13,"['M009', 'M024', 'M054', 'M072']","['M015', 'M028', 'M042', 'M053', 'M076']","['M045', 'M059']",,"['M001', 'M052']",,,,['P113'],,,,True,"['M009', 'M024', 'M054', 'M028', 'M042', 'M076']",[],,M009 M042 ,,2,0,2,2,False,gU9rOXEdBy
B01,name64,mentor64@email.com,False,0,2,2,5,"['M034', 'M070']","['M013', 'M035']",,['M021'],,['P052'],,,['P025'],,,,False,,,,M034 ,,1,0,0,2,False,3augKp4eQw
B03,name66,mentor66@email.com,True,3,0,7,0,,,,,,"['P025', 'P046']",,"['P083', 'P097', 'P137']","['P039', 'P142']",,,,True,[],"['P046', 'P039', 'P083']",,,P046 ,0,1,2,0,False,ss9Y4j9QSw
B04,name67,mentor67@email.com,True,7,0,11,0,,,,,,['P006'],"['P002', 'P004']","['P025', 'P040', 'P136']","['P086', 'P092']","['P071', 'P137', 'P142']",,,True,[],"['P136', 'P006', 'P040', 'P137', 'P142', 'P086', 'P071']",,,P006 ,0,1,2,0,False,hLZjXupaje
B05,name68,mentor68@email.com,True,3,0,3,0,,,,,,,['P123'],"['P018', 'P099']",,,,,True,[],"['P099', 'P123', 'P018']",,,P099 ,0,1,2,0,False,Z6aKL8ZfX2
B06,name69,mentor69@email.com,False,2,2,4,2,,,['M013'],['M039'],,,['P143'],['P142'],,"['P014', 'P025']",,,False,,,,M013 ,P143 P025 ,1,2,2,2,False,xHFnGkyQO5
B07,name70,mentor70@email.com,True,7,0,14,0,,,,,,"['P040', 'P086', 'P136']","['P011', 'P082']","['P002', 'P064', 'P071', 'P095']","['P023', 'P054', 'P111']","['P034', 'P117']",,,True,[],"['P040', 'P086', 'P136', 'P082', 'P002', 'P011', 'P071']",,,P040 P086 ,0,2,2,0,False,bZeb7cHmHd
B08,name71,mentor71@email.com,False,1,1,4,1,,,,,['M035'],,['P072'],['P092'],['P145'],['P040'],,,False,,,,M035 ,,1,0,1,1,False,IO6qxJWn1n
B10,name73,mentor73@email.com,True,2,0,2,0,,,,,,,['P034'],,,['P123'],,,True,[],"['P034', 'P123']",,,P034 ,0,1,1,0,False,ZnKfecdNRA
B12,name75,mentor75@email.com,False,1,1,17,1,['M002'],,,,,"['P002', 'P004', 'P022', 'P071']","['P054', 'P117']","['P044', 'P107', 'P111', 'P138', 'P146']","['P040', 'P041', 'P136']","['P023', 'P068', 'P086']",,,False,,,,M002 ,P002 ,1,1,1,1,False,Y3br5GF3x9
B13,name76,mentor76@email.com,False,1,1,1,1,,,,['M077'],,,,,,['P029'],,,False,,,,,P029 ,0,1,1,1,False,u3H5DvSUU3
B15,name78,mentor78@email.com,False,3,0,4,1,['M088'],,,,,['P090'],['P129'],"['P063', 'P120']",,,,,False,,,,,P090 ,0,1,3,0,False,a8uRCSUrq4
B16,name79,mentor79@email.com,True,3,0,6,1,,,['M021'],,,,"['P006', 'P022', 'P040']","['P021', 'P042']",['P002'],,,,True,[],"['P021', 'P042', 'P022']",,,P021 ,0,1,2,0,False,ZxHvAE5PIZ
B17,name80,mentor80@email.com,False,2,0,3,0,,,,,,,,,"['P022', 'P071']",['P001'],,,False,,,,,P022 P071 ,0,2,2,0,False,vY4A7cXHY3
B18,name81,mentor81@email.com,True,2,1,2,1,,,,['M013'],,['P015'],,,['P120'],,,,True,['M013'],"['P015', 'P120']",,,P015 ,0,1,2,1,False,H16wPMD9jq
B20,name83,mentor83@email.com,False,2,0,5,0,,,,,,['P023'],['P048'],,['P099'],"['P021', 'P072']",,,False,,,,,P023 ,0,1,2,0,False,dgzOL2Fe2x
B21,name84,mentor84@email.com,True,2,0,4,0,,,,,,,['P134'],,"['P014', 'P143']",['P024'],,,True,[],"['P134', 'P143']",,,P134 ,0,1,2,0,False,tT4LeQs1pR
B23,name85,mentor85@email.com,True,9,0,8,1,,,,,['M013'],,"['P063', 'P092']",['P072'],['P090'],"['P018', 'P083', 'P099', 'P145']",,,True,[],"['P092', 'P063', 'P083', 'P090', 'P018', 'M013', 'P099', 'P145', 'P072']",,,P092 P083 ,0,2,1,1,True,5zKr3pNOpv
B26,name88,mentor88@email.com,True,2,1,1,0,,,,,,,,['P048'],,,,,False,,,,,P048 ,0,1,2,1,False,t3r0CAEOtT
B27,name89,mentor89@email.com,True,2,0,3,0,,,,,,['P121'],,['P034'],,['P143'],,,True,['P121'],"['P121', 'P143']",,,P121 ,0,1,2,0,False,IgSlRXHiZ6
B28,name90,mentor90@email.com,True,1,0,1,0,,,,,,['P146'],,,,,,,True,[],['P146'],,,P146 ,0,1,2,0,False,7vnaoEStLx
B30,name92,mentor92@email.com,True,1,0,8,0,,,,,,"['P032', 'P138']",['P046'],,"['P061', 'P068', 'P083']","['P006', 'P044']",,,True,[],['P032'],,,P032 ,0,1,1,0,False,FbuHKS1ZAz
B31,name93,mentor93@email.com,False,3,0,5,0,,,,,,['P072'],,['P019'],['P063'],"['P035', 'P062']",,,False,,,,,P072 ,0,1,3,0,False,Ta0AwfRrgP
B32,name94,mentor94@email.com,False,2,2,6,2,"['M021', 'M035']",,,,,['P137'],"['P029', 'P095']",,['P006'],"['P039', 'P046']",,,False,,,,M021 ,P137 ,1,1,2,2,False,VB1RYtg840
B38,name99,mentor99@email.com,True,2,0,7,0,,,,,,['P063'],['P120'],['P090'],"['P004', 'P019', 'P026', 'P146']",,,,False,,,,,P063 P004 ,0,2,2,0,False,l19HdWJzcI
B39,name100,mentor100@email.com,True,3,3,9,5,"['M013', 'M039']","['M010', 'M088']",['M035'],,,"['P001', 'P014', 'P070', 'P120', 'P134', 'P143']",['P137'],['P026'],,['P090'],,,True,"['M039', 'M010', 'M013']","['P120', 'P070', 'P026']",,M039 ,P120 ,1,1,3,2,False,VXmnPO5qhj
B40,name101,mentor101@email.com,True,2,0,21,0,,,,,,"['P021', 'P035', 'P041', 'P044', 'P054', 'P061', 'P068', 'P097', 'P111', 'P129']","['P010', 'P019', 'P032', 'P042', 'P052', 'P090']",['P121'],['P070'],"['P004', 'P063', 'P134']",,,True,[],"['P054', 'P061']",,,P054 P061 ,0,2,2,0,False,KSZLR59APb
B42,name103,mentor103@email.com,True,5,1,11,2,,,['M034'],,['M010'],['P042'],['P061'],"['P010', 'P052', 'P070']","['P035', 'P121']","['P032', 'P097', 'P129', 'P130']",,,True,['M034'],"['P042', 'P130', 'P052', 'P129', 'P032']",,,P042 P052 ,0,2,1,0,True,56zo3og1yA
B43,name104,mentor104@email.com,True,4,0,7,0,,,,,,,['P070'],"['P032', 'P061']","['P044', 'P130']","['P010', 'P022']",,,True,[],"['P070', 'P010', 'P032', 'P130']",,,P070 ,0,1,2,0,False,oaoekF88tl
B45,name106,mentor106@email.com,True,2,0,5,1,,,['M088'],,,"['P099', 'P123']",,"['P029', 'P039', 'P041']",,,,,True,[],"['P123', 'P099']",,,P123 ,0,1,2,0,False,qkYLXzAGpN
B46,name107,mentor107@email.com,True,5,0,10,1,['M080'],,,,,['P107'],"['P001', 'P086', 'P116', 'P138']","['P011', 'P054', 'P081']",['P064'],['P042'],,,True,[],"['P107', 'M080', 'P086', 'P138', 'P116']",,,P107 P116 ,0,2,3,0,False,oJDtxvMvw1
B48,name109,mentor109@email.com,True,1,3,2,3,,['M021'],['M070'],,['M080'],,,,,"['P052', 'P111']",,,True,"['M021', 'M070', 'M080']",['P111'],,M070 ,P111 ,1,1,2,2,False,j940vxlnhR
B53,name114,mentor114@email.com,True,3,0,7,1,['M041'],,,,,['P083'],['P107'],['P116'],"['P011', 'P082', 'P137']",['P002'],,,True,[],"['P011', 'P107', 'P082']",,,P082 ,0,1,2,2,False,2koqk8KGia
B54,name115,mentor115@email.com,False,3,0,6,0,,,,,,,['P136'],['P022'],['P001'],"['P011', 'P057', 'P064']",,,False,,,,,P136 P001 ,0,2,3,0,False,fh5TJIWEps
B55,name116,mentor116@email.com,False,2,1,3,2,,,['M058'],['M088'],,['P019'],['P035'],['P004'],,,,,False,,,,M088 ,P019 P035 ,1,2,2,1,False,bwttcItLcI
B56,name117,mentor117@email.com,True,1,0,2,0,,,,,,"['P116', 'P142']",,,,,,,True,[],['P142'],,,P142 ,0,1,2,0,False,HSZSfrrEE5
B59,name120,mentor120@email.com,True,1,1,9,1,,,['M080'],,,['P010'],"['P044', 'P068']",['P130'],"['P042', 'P052', 'P098', 'P138']",['P116'],,,False,,,,M080 ,P010 ,1,1,1,1,False,JmLCXS2pHl
C02,name122,mentor122@email.com,True,3,0,5,1,,,,,['M063'],"['P049', 'P056']",,['P144'],['P062'],['P012'],,,True,[],"['P056', 'P144', 'P062']",,,P056 ,0,1,1,1,False,9L4YTL4WHz
C05,name125,mentor125@email.com,True,1,0,1,0,,,,,,['P012'],,,,,,,True,[],['P012'],,,P012 ,0,1,3,0,False,J2I0kOVVfM
C07,name127,mentor127@email.com,True,2,1,4,1,['M063'],,,,,"['P036', 'P144']",['P056'],,,['P049'],,,True,['M063'],"['P036', 'P144']",,M063 ,P036 ,1,1,2,0,True,qKkMZXlaih
C09,name129,mentor129@email.com,True,3,0,5,0,,,,,,,,['P036'],"['P053', 'P119']","['P095', 'P105']",,,True,[],"['P095', 'P105', 'P053']",,,P095 ,0,1,2,0,False,uTJYqrT71b
C10,name130,mentor130@email.com,False,2,0,3,0,,,,,,,,['P119'],"['P012', 'P129']",,,,False,,,,,P129 ,0,1,2,0,False,F4vYGcuOLP
C11,name131,mentor131@email.com,False,2,0,4,2,,"['M034', 'M063']",,,,['P119'],"['P036', 'P146']",,['P144'],,,,False,,,,,P119 ,0,1,2,0,False,kuYYF5IDGP
C12,name132,mentor132@email.com,True,3,0,4,1,,,['M063'],,,,['P144'],['P056'],,"['P036', 'P119']",,,True,[],"['P144', 'P119', 'P036']",,,P144 ,0,1,2,0,False,W2JSC1uChw
C13,name133,mentor133@email.com,True,2,0,3,1,,,,['M025'],,,['P096'],"['P059', 'P139']",,,,,True,[],"['P096', 'P139']",,,P096 ,0,1,2,0,False,YTYdL2cPxx
C14,name134,mentor134@email.com,False,1,1,2,1,['M077'],,,,,['P030'],,,['P105'],,,,False,,,,M077 ,P030 ,1,1,1,1,False,ORvIjOnJNS
C18,name138,mentor138@email.com,False,1,1,1,0,,,,,,,,['P124'],,,,,False,,,,,P124 ,0,1,1,1,False,ceQtx1fI3p
C21,name141,mentor141@email.com,False,1,0,3,0,,,,,,['P117'],,['P096'],,['P102'],,,False,,,,,P117 ,0,1,1,0,False,qdF6x0pYBI
C22,name142,mentor142@email.com,False,5,0,2,0,,,,,,"['P059', 'P102']",,,,,,,False,,,,,P059 ,0,1,5,0,False,ksQ1ciffny
C25,name144,mentor144@email.com,False,2,0,4,0,,,,,,,['P102'],,"['P059', 'P139']",['P112'],,,False,,,,,P102 ,0,1,2,0,False,2zTQyLQKoh
C27,name146,mentor146@email.com,False,1,0,4,0,,,,,,['P112'],,['P088'],['P102'],['P059'],,,False,,,,,P112 ,0,1,1,0,False,YCopDX1s7u
C28,name147,mentor147@email.com,False,3,1,1,2,['M081'],,['M075'],,,['P139'],,,,,,,False,,,,M081 ,P139 ,1,1,3,1,False,h1ScGEeFsN
C29,name148,mentor148@email.com,False,2,0,1,0,,,,,,,,,,['P106'],,,False,,,,,P106 ,0,1,2,0,False,hNa0A6ezzY
C30,name149,mentor149@email.com,False,1,1,2,1,,['M081'],,,,['P118'],,,,['P139'],,,False,,,,,P118 ,0,1,1,1,False,CXlhioTHb3
D01,name150,mentor150@email.com,True,3,1,5,3,,,,['M046'],"['M026', 'M058']","['P038', 'P057']","['P030', 'P141']",,['P135'],,,,True,"['M026', 'P135']","['P038', 'P057', 'P141']",,,P038 ,0,1,2,2,False,pIDmY4Ez7P
D02,name151,mentor151@email.com,True,3,1,5,2,,['M026'],,,['M046'],['P098'],,"['P030', 'P135']",['P106'],['P141'],,,True,['M026'],"['P098', 'P135', 'P030']",,,P098 ,0,1,2,1,False,NKjyLAMUPw
D03,name152,mentor152@email.com,True,4,0,4,1,['M086'],,,,,['P110'],,"['P038', 'P141']",['P057'],,,,True,[],"['P141', 'P057', 'P110', 'P038']",,,P057 ,0,1,1,0,False,9I17xQVu2M
D04,name153,mentor153@email.com,False,1,0,11,1,,,,,['M088'],"['P018', 'P092']","['P026', 'P039', 'P041', 'P071', 'P083', 'P145']",,"['P072', 'P110', 'P134']",,,,False,,,,,P018 ,0,1,1,0,False,v4OIoD8tyE
D05,name154,mentor154@email.com,True,3,0,3,1,,,,['M086'],,,['P110'],,['P018'],['P074'],,,True,[],"['P110', 'P018', 'P074']",,,P110 ,0,1,1,0,False,Vzn5pRAw4A
D06,name155,mentor155@email.com,True,3,0,5,1,,,,,['M086'],"['P026', 'P039']",['P018'],,,"['P041', 'P110']",,,True,[],"['P026', 'P039', 'P018']",,,P026 P039 ,0,2,3,0,False,jIPJCillGv
D07,name156,mentor156@email.com,True,3,0,3,0,,,,,,"['P074', 'P122']",['P108'],,,,,,True,[],"['P074', 'P108', 'P122']",,,P074 P122 ,0,2,2,2,False,yyk7xZh2Hf
D08,name157,mentor157@email.com,False,3,3,2,1,,['M046'],,,,['P145'],['P098'],,,,,,False,,,,,P145 ,0,1,3,3,False,CJInSHkcgz
D09,name158,mentor158@email.com,True,4,4,4,4,['M026'],,"['M041', 'M046', 'M086']",,,['P141'],,['P057'],['P038'],['P135'],,,True,"['M026', 'M041', 'M046', 'M086', 'P135']","['P141', 'P057', 'P038', 'P135']",,M026 ,P141 ,1,1,1,1,False,W9m53gSSVa
D11,name160,mentor160@email.com,False,1,0,6,0,,,,,,"['P064', 'P108']","['P074', 'P122']",,['P097'],['P020'],,,False,,,,,P064 ,0,1,1,0,False,CGTehwyGG5
D12,name161,mentor161@email.com,True,3,1,4,1,,['M086'],,,,['P020'],['P097'],"['P074', 'P122']",,,,,True,['M086'],"['P020', 'P097', 'P074']",,M086 ,P020 P097 ,1,2,1,1,True,1EMhhfSotb
D13,name162,mentor162@email.com,False,1,1,8,3,['M046'],['M041'],,['M026'],,['P135'],"['P038', 'P057', 'P106']","['P079', 'P098']","['P074', 'P140']",,,,False,,,,M046 ,P135 ,1,1,1,1,False,0WRRmOyL99
D15,name164,mentor164@email.com,True,2,0,2,0,,,,,,,['P118'],,['P108'],,,,True,[],"['P118', 'P108']",,,P108 ,0,1,1,0,False,7iwc9VZo9T
D16,name165,mentor165@email.com,True,1,0,8,1,,['M080'],,,,"['P079', 'P130']","['P064', 'P111']",['P082'],,"['P054', 'P107', 'P140']",,,True,[],['P130'],,,P130 ,0,1,1,1,False,4PZjI1ycIC
D17,name166,mentor166@email.com,False,2,2,4,0,,,,,,,,"['P068', 'P100', 'P108']",['P079'],,,,False,,,,,P068 ,0,1,2,2,False,ybQqcUszZG
D18,name167,mentor167@email.com,True,1,1,2,1,['M008'],,,,,['P024'],,,,['P015'],,,True,['M008'],['P024'],,M008 ,P024 ,1,1,3,2,False,BV7VmZR6NJ
D20,name168,mentor168@email.com,True,2,0,2,0,,,,,,,['P014'],,,['P108'],,,True,[],"['P014', 'P108']",,,P014 ,0,1,1,0,False,kGnzlS66ih
D21,name169,mentor169@email.com,True,1,0,2,0,,,,,,,['P079'],['P110'],,,,,True,[],['P079'],,,P079 ,0,1,1,0,False,jw50BuBkv8
D22,name170,mentor170@email.com,True,0,2,3,2,,,['M026'],['M041'],,,,,['P141'],"['P038', 'P079']",,,True,"['M026', 'M041']",[],,M041 ,,1,0,0,1,False,nGOBL1Pow8
E01,name171,mentor171@email.com,True,4,2,11,22,"['M014', 'M030', 'M031', 'M051', 'M060', 'M065', 'M071']","['M002', 'M005', 'M027', 'M036', 'M066', 'M083']","['M004', 'M011', 'M019', 'M025', 'M074']","['M070', 'M073']","['M007', 'M032', 'M044']","['P076', 'P078', 'P093', 'P125']","['P007', 'P013', 'P081', 'P085']","['P037', 'P104']",,['P127'],,,True,"['M002', 'M036']","['P125', 'P093', 'P078', 'P076']",,M036 ,P125 ,1,1,5,5,False,LCMW3ysOow
E02,name172,mentor172@email.com,False,1,0,8,0,,,,,,"['P062', 'P105', 'P131']","['P049', 'P050']",['P027'],['P124'],['P103'],,,False,,,,,P062 ,0,1,1,0,False,kzGNDdQQHb
E03,name173,mentor173@email.com,False,2,0,2,0,,,,,,,['P131'],,,['P124'],,,False,,,,,P131 ,0,1,2,0,False,AOd1ReqaC2
E04,name174,mentor174@email.com,True,1,0,3,0,,,,,,,['P105'],,['P037'],['P007'],,,True,[],['P105'],,,P105 ,0,1,1,0,False,WjXBJ9xPbV
E05,name175,mentor175@email.com,True,1,1,6,3,,,['M033'],"['M043', 'M081']",,,['P114'],"['P086', 'P117']",['P116'],"['P088', 'P115']",,,False,,,,,P114 ,0,1,1,1,False,rFGBcpDsli
E06,name176,mentor176@email.com,False,2,2,2,2,,,,['M083'],['M070'],['P045'],['P062'],,,,,,False,,,,M083 ,P045 ,1,1,2,2,False,i9bNfk4aNJ
E07,name177,mentor177@email.com,True,2,0,6,0,,,,,,"['P027', 'P050', 'P053']",,['P049'],"['P088', 'P131']",,,,True,[],"['P027', 'P050']",,,P027 P050 ,0,2,1,0,True,luv797JKKf
E08,name178,mentor178@email.com,True,3,0,4,2,,,"['M039', 'M057']",,,['P114'],,"['P031', 'P050', 'P053']",,,,,True,[],"['P053', 'P114', 'P050']",,,P053 ,0,1,3,3,False,UQI50y1wLZ
E09,name179,mentor179@email.com,True,3,0,9,0,,,,,,"['P088', 'P095', 'P132']","['P027', 'P053', 'P115']","['P105', 'P131']",['P127'],,,,True,[],"['P088', 'P053', 'P115']",,,P088 ,0,1,1,0,False,lSH885rRfr
E10,name180,mentor180@email.com,True,1,1,1,1,,,,,['M043'],,,,['P114'],,,,True,['M043'],['P114'],,M043 ,,1,0,2,2,False,lezdnNPv9J
E11,name181,mentor181@email.com,False,1,0,3,1,,['M016'],,,,['P031'],['P140'],['P066'],,,,,False,,,,,P031 ,0,1,1,0,False,8AEvEQdUrR
E12,name182,mentor182@email.com,True,5,4,8,19,"['M018', 'M036', 'M066']","['M031', 'M044', 'M051', 'M073', 'M087']","['M014', 'M083', 'M084']","['M004', 'M011', 'M032', 'M065', 'M068', 'M074']","['M002', 'M060']","['P007', 'P066', 'P084', 'P127']",,['P016'],"['P078', 'P132']",['P113'],,,True,"['M066', 'M036', 'M018', 'M073']","['P127', 'P084', 'P066', 'P007', 'P016']",,M066 M018 M073 ,P127 P084 ,3,2,3,3,False,f5km12DEDN
E13,name183,mentor183@email.com,True,2,1,3,10,,['M071'],"['M051', 'M081', 'M087']","['M012', 'M044', 'M084']","['M018', 'M036', 'M068']",,,['P127'],['P118'],['P138'],,,True,['M071'],"['P138', 'P127']",,M071 ,P138 ,1,1,3,2,False,bU5SfDfTSR
E14,name184,mentor184@email.com,False,2,1,3,0,,,,,,"['P100', 'P124']",,,['P050'],,,,False,,,,,P100 ,0,1,2,1,False,zsJWxemg2l
E16,name186,mentor186@email.com,False,3,3,5,4,,['M075'],['M050'],"['M047', 'M057']",,,,['P114'],"['P031', 'P045', 'P103']",['P085'],,,False,,,,M075 M057 ,P085 ,2,1,3,3,False,vqMRSDpIq2
E17,name187,mentor187@email.com,False,3,0,4,2,,,,['M005'],['M030'],['P101'],,['P087'],['P125'],['P066'],,,False,,,,,P101 ,0,1,3,0,False,3kt2lMCS0K
E18,name188,mentor188@email.com,True,2,2,6,21,"['M011', 'M019', 'M064', 'M078']","['M004', 'M032']","['M031', 'M044', 'M062', 'M065', 'M068']","['M006', 'M007', 'M027', 'M036', 'M051', 'M060', 'M066', 'M071', 'M087']","['M073', 'M084']",,"['P009', 'P066', 'P087']","['P013', 'P045', 'P101']",,,,,False,,,,M011 M019 ,P009 P066 ,2,2,2,2,False,BPnMCtmCDN
E19,name189,mentor189@email.com,False,1,0,6,4,,['M064'],"['M030', 'M071']",['M078'],,,['P104'],"['P076', 'P140']",,"['P013', 'P078', 'P132']",,,False,,,,,P104 ,0,1,1,0,False,pyPFphZnio
E20,name190,mentor190@email.com,False,10,10,7,20,"['M004', 'M016', 'M032', 'M044', 'M068', 'M083']","['M019', 'M062']","['M036', 'M049', 'M073']","['M002', 'M014']","['M027', 'M031', 'M050', 'M065', 'M066', 'M078', 'M087']",['P087'],"['P031', 'P093', 'P124']","['P106', 'P132']",['P030'],,,,False,,,,M004 M016 M032 M044 M068 M062 M014 M031 M065 M078 ,P087 ,10,1,10,10,False,Q7qYhtrEgu
E21,name191,mentor191@email.com,True,0,3,2,11,"['M012', 'M062', 'M087']","['M057', 'M084']","['M064', 'M078']",,"['M003', 'M011', 'M019', 'M083']",,['P045'],,,['P118'],,,True,"['M084', 'M064', 'M083']",[],,M084 M064 ,,2,0,0,2,False,OiOgVXl9nL
E22,name192,mentor192@email.com,True,4,0,9,5,,"['M006', 'M078']",['M005'],"['M030', 'M064']",,"['P009', 'P013', 'P104']",['P078'],,"['P066', 'P080']","['P081', 'P093', 'P125']",,,True,[],"['P078', 'P104', 'P013', 'P093']",,,P078 P013 ,0,2,2,0,False,hgfp6AlAwv
E25,name194,mentor194@email.com,False,3,1,9,22,"['M007', 'M073', 'M074']","['M011', 'M014', 'M030', 'M060', 'M065', 'M068']","['M002', 'M006', 'M012', 'M032', 'M066']","['M019', 'M031', 'M062']","['M004', 'M005', 'M033', 'M051', 'M064', 'M071']",['P081'],,"['P078', 'P093']","['P007', 'P013', 'P076', 'P087', 'P104']",['P061'],,,False,,,,M007 ,P081 P007 ,1,2,3,1,False,YiiESxh0iM
E26,name195,mentor195@email.com,True,4,0,4,1,,['M070'],,,,,,,"['P081', 'P093']","['P037', 'P076']",,,True,[],"['P093', 'P076', 'P037', 'P081']",,,P093 ,0,1,3,0,False,VuGbZYYJtE
E27,name196,mentor196@email.com,True,3,3,3,10,"['M050', 'M084']","['M007', 'M012']","['M043', 'M060']","['M010', 'M033']","['M020', 'M057', 'M062']",,['P076'],,['P101'],['P028'],,,False,,,,M050 M012 M060 ,P076 ,3,1,3,3,False,xE2E7lplCH
E28,name197,mentor197@email.com,True,2,2,3,2,['M043'],['M033'],,,,,,"['P028', 'P115']",['P027'],,,,True,"['M033', 'M043', 'P028']","['P115', 'P027']",,M033 ,P115 ,1,1,3,3,False,elQULoV4Zx
E29,name198,mentor198@email.com,True,2,5,2,9,"['M020', 'M025', 'M027', 'M033', 'M057']","['M043', 'M074']","['M007', 'M010']",['M050'],,,['P028'],,['P115'],,,,True,"['M025', 'M010', 'M027', 'M050', 'M057']","['P115', 'P028']",,M025 M027 ,P028 ,2,1,3,3,False,BM8PcBTW1I
E30,name199,mentor199@email.com,True,7,0,7,3,"['M005', 'M006']",['M025'],,,,['P115'],"['P101', 'P127', 'P132']",['P125'],['P028'],['P104'],,,True,[],"['P127', 'P115', 'P125', 'P028', 'P132', 'P104', 'P101']",,,P132 ,0,1,3,0,False,O7HpP62GKZ
E32,name201,mentor201@email.com,True,2,0,4,2,,,,['M020'],['M047'],['P055'],"['P037', 'P103']",,,['P131'],,,True,[],"['P055', 'P103']",,,P055 ,0,1,2,0,False,KaZORTh97E
E33,name202,mentor202@email.com,True,3,2,3,7,['M010'],"['M020', 'M047', 'M050']",,,"['M012', 'M014', 'M074']",['P103'],['P055'],,['P049'],,,,False,,,,M010 M020 ,P103 P049 ,2,2,3,2,False,eGll2suEbT
E34,name203,mentor203@email.com,True,1,1,1,2,,,"['M020', 'M047']",,,,,['P103'],,,,,True,['M047'],['P103'],,M047 ,,1,0,2,0,True,kr6hpvp9mx
E35,name204,mentor204@email.com,True,1,0,4,3,['M047'],,,,"['M006', 'M025']","['P028', 'P037']",,,,"['P027', 'P045']",,,True,[],['P037'],,,P037 ,0,1,1,0,False,XnajRvRyci
